CREATE USER 'player'@'localhost' identified BY 'wel0v3b01';
CREATE USER 'admin'@'localhost' identified BY '1ruleth3maLL';

CREATE TABLE item_pool(
	id_pool int (3) primary key,
	nom varchar (25) not null
	);

CREATE TABLE transformation(
	id_transfo int (2) primary key,
	nom varchar (25) not null,
	descrip varchar (50) not null
	);

CREATE TABLE trinket(
	id_trin int (3) primary key,
	nom varchar (25) not null,
	descrip varchar (50) not null
	);

CREATE TABLE objet(
	id_obj int (3) primary key,
	nom varchar (25) not null,
	descrip varchar (50) not null,
	transfo int (2) not null,
	pool int (3) not null,
	foreign key (transfo) references transformation(id_transfo),
	foreign key (pool) references item_pool(id_pool)
	);
	
CREATE TABLE type(
	nom varchar (25),
	obj int (3),
	trink int (3),
	foreign key (obj) references objet(id_obj),
	foreign key (trink) references trinket(id_trin)
	);
	
CREATE TABLE consommable(
	nom varchar (25) primary key,
	descrip varchar (50) not null,
	transfo int (2),
	nom_type varchar (25) not null,
	foreign key (transfo) references transformation(id_transfo)
	);
	
-- Bien appelé la base de donnée BoI_item_collection pour que le copier collé marche
GRANT SELECT, INSERT
ON TABLE BoI_item_collection.objet
To 'player'@'localhost';

GRANT SELECT, INSERT
ON TABLE BoI_item_collection.trinket
To 'player'@'localhost';

GRANT SELECT
ON TABLE BoI_item_collection.transformation
To 'player'@'localhost';

GRANT SELECT
ON TABLE BoI_item_collection.item_pool
To 'player'@'localhost';

GRANT SELECT
ON TABLE BoI_item_collection.consommable
To 'player'@'localhost';

GRANT SELECT, INSERT, UPDATE, DELETE
ON BoI_item_collection.*
TO 'admin'@'localhost';
	
INSERT INTO transformation VALUES
(1, 'Guppy', 'Fly + spawn blue fies/spider'),
(2, 'Beelzebub', 'Fly + turn flies into blue flies'),
(3, 'Mom', 'Gain a knife behind Isaac'),
(4, 'Leviathan', 'Fly + +2 black heart'),
(5, 'Seraphim', 'Fly + +3 soul heart'),
(6, 'Bob', 'Leave trail of poison'),
(7, 'Fun Guy', 'HP up'),
(8, 'Conjoined', 'Fire tears in 3 direction + DMG + tears down'),
(9, 'Spun', 'DMG + speed up'),
(10, 'Oh Crap', 'Heal when destroy poop'),
(11, 'Super Bum', 'Gain Super Bum'),
(12, 'Bookworm', 'Shoots 2 shots sometimes'),
(13, 'Spider Baby', 'Spiderbro + spawn blue spiders'),
(14, 'Adulthood', 'HP up'),
(0, 'Aucune', 'Aucune');

INSERT INTO item_pool VALUES
(000, 'BEGGAR'),
(001, 'ITEM ROOM'),
(002, 'SHOP'),
(003, 'LIBRARY'),
(004, 'CURSE ROOM'),
(005, 'BOSS'),
(006, 'SECRET ROOM'),
(007, 'DEVIL ROOM'),
(008, 'ANGEL ROOM'),
(009, 'CHEST'),
(010, 'ITM + BEGG'),
(012, 'ITM + SHOP'),
(013, 'ITM + LIB'),
(014, 'ITM + CUR'),
(015, 'ITM + BOSS'),
(016, 'ITM + SEC'),
(017, 'ITM + DEV'),
(018, 'ITM + ANG'),
(019, 'ITM + CHEST'),
(020, 'SHOP + BEGG'),
(023, 'SHOP + LIB'),
(024, 'SHOP + CUR'),
(025, 'SHOP + BOSS'),
(026, 'SHOP + SEC'),
(027, 'SHOP + DEV'),
(028, 'SHOP + ANG'),
(029, 'SHOP + CHEST'),
(030, 'LIB + BEGG'),
(034, 'LIB + CUR'),
(035, 'LIB + BOSS'),
(036, 'LIB + SEC'),
(037, 'LIB + DEV'),
(038, 'LIB + ANG'),
(039, 'LIB + CHEST'),
(040, 'CUR + BEGG'),
(045, 'CUR + BOSS'),
(046, 'CUR + SEC'),
(047, 'CUR + DEV'),
(048, 'CUR + ANG'),
(049, 'CUR + CHEST'),
(050, 'BOSS + BEGG'), 
(056, 'BOSS + SEC'),
(057, 'BOSS + DEV'),
(058, 'BOSS + ANG'),
(059, 'BOSS + CHEST'),
(060, 'SEC + BEGG'),
(067, 'SEC + DEV'),
(068, 'SEC + ANG'),
(069, 'SEC + CHEST'),
(070, 'DEV + BEGG'), 
(078, 'DEV + ANG'),
(079, 'DEV + CHEST'),
(080, 'ANG + BEGG'),
(089, 'ANG + CHEST'),
(090, 'CHEST + BEGG'),
(150, 'ITM + BOSS + BEG'),
(238, 'SHOP + LIB + ANG'),
(367, 'LIB + SEC + DEV'),
(457, 'CUR + BOSS + DEV'),
(479, 'CUR + DEV + CHEST'),
(137, 'ITM + LIB + DEV'),
(158, 'ITM + BOSS + ANG'),
(120, 'ITM + SHOP + BEGG'),
(160, 'ITM + SEC + BEGG'),
(147, 'ITM + CUR + DEV'),
(169, 'ITM + SEC + CHEST'),
(670, 'SEC + DEV + BEGG'),
(126, 'ITM + SHOP + SEC'),
(136, 'ITM + LIB + SEC'),
(250, 'SHOP + BOSS + BEGG'),
(470, 'CUR + DEV + BEGG'),
(999, 'AUCUNE');

INSERT INTO objet VALUES
(1, 'The Sad Onion', 'Tears up', 0, 001), 
(2, 'The Inner Eye', 'Triple Shot', 0, 001),
(3, 'Sponn Bender', 'Homing shots', 0, 001),
(4, 'Cricket''s Head', 'DMG up', 0, 019), 
(5, 'My Reflection', 'Boomerang tears', 0, 001),
(6, 'Number One', 'Tears up', 0, 001),
(7, 'Blood of The Martyr', 'DMG up', 0, 001),
(8, 'Brother Bobby', 'Friends ''till the end', 8, 017), 
(9, 'Skatole', 'Fly love', 2, 999),
(10, 'Halo of Flies', 'Projectile protection', 2, 010), 
(11, '1Up', 'Extra Life', 7, 006), 
(12, 'Magic Mushroom', 'All stats up!', 7, 015), 
(13, 'The Virus', 'Poison touch', 9, 010),
(14, 'Roid Rage', 'Speed and range up', 9, 150),
(15, '<3', 'HP up', 0, 015),
(16, 'Raw Liver', 'HP up', 0, 006),
(17, 'Skeleton Key', '99 keys', 0, 006),
(18, 'A Dollar', '$$$', 0, 999),
(19, 'BOOM!', '10 bombs', 0, 010),
(20, 'Transcendence', 'We all float down here...', 0, 006),
(21, 'The Compass', 'The end is near', 0, 020),
(22, 'Lunch', 'HP up', 0, 050),
(23, 'Dinner', 'HP up', 0, 050),
(24, 'Dessert', 'HP up', 0, 050),
(25, 'Breakfast', 'Hp up', 0, 050),
(26, 'Rotten Meat', 'Hp up', 0, 050),
(27, 'Wooden Spoon', 'Speed up', 0, 005),
(28, 'The Belt', 'Speed up', 0, 005),
(29, 'Mom''s Underwear', 'Range up', 3, 005),
(30, 'Mom''s Heels', 'Range up', 3, 005),
(31, 'Mom''s Lipstock', 'Range up', 3, 005),
(32, 'Wire Coat Hanger', 'Tears up', 0, 005),
(33, 'The Bible', 'Temporary flight', 5, 238),
(34, 'The Book of Belial', 'Temporary DMG up', 0, 037),
(35, 'The Necronomicon', 'Mass room damage', 12, 367),
(36, 'The Poop', 'Plop!', 10, 001),
(37, 'Mr. Boom', 'Reusable bomb buddy', 0, 010),
(38, 'Tammy''s Head', 'Reusable tear burst', 0, 009),
(39, 'Mom''s Bra', 'Mass fear', 3, 001),
(40, 'Kamikaze', 'Become the bomb!', 0, 001),
(41, 'Mom''s Pad', 'Gross...', 3, 001),
(42, 'Bob''s Rotten Head', 'Reusable ranged bomb', 6, 019),
(44, 'Teleport', 'Teleport!', 0, 001),
(45, 'Yum Heart', 'Reusable regeneration', 0, 001),
(46, 'Lucky Foot', 'Luck up', 0, 010),
(47, 'Doctor''s Remote', 'Reusable air strike', 0, 001),
(48, 'Cupid''s Arrow', 'Piercing shots', 0, 001),
(49, 'Shoop Da Whoop!', 'BLLLARRRRGGG!', 0, 001),
(50, 'Steven', 'DMG up', 0, 999),
(51, 'Pentagram', 'DMG up', 4, 457),
(52, 'Dr. Fetus', '???', 0, 001),
(53, 'Magneto', 'Item snatcher', 0, 001),
(54, 'Treasure Map', 'Full visible map', 0, 020),
(55, 'Mom''s Eye', 'Eye in the back of your head', 3, 001),
(56, 'Lemon Mishap', 'Oops...', 0, 001),
(57, 'Distant Admiration', 'Attack fly',2, 010),
(58, 'Book of Shadows', 'Temporary invincibility', 12, 013),
(60, 'The Ladder', 'Building bridges', 0, 002),
(62, 'Charm of The Vampire', 'Kills heal', 0, 001),
(63, 'The Battery', 'Stores energy', 0, 002),
(64, 'Steam Sale', '50% off', 0, 002),
(65, 'Anarchist''s Cookbook', 'Summon bombs', 12, 013),
(66, 'The Hourglass', 'Temporary enemy slowdown', 0, 001),
(67, 'Sister Maggy', 'Friends ''till the end', 8, 017),
(68, 'Technology', 'Lasers tears', 0, 001),
(69, 'Chocolate Milk', 'Charge shots', 0, 001),
(70, 'Growth Hormones', 'DMG up + speed up', 9, 050),
(71, 'Mini Mush', 'Speed + range up', 7, 001),
(72, 'Rosary', 'Faith up', 5, 018),
(73, 'Cube of Meat', 'Gotta meat em all', 0, 999),
(74, 'A Quarter', '+25 coins', 0, 016),
(75, 'PHD', 'Better pills', 0, 012),
(76, 'X-Ray Vision', 'I''ve seen everything', 0, 001),
(77, 'My Little Unicorn', 'Temporary badass', 0, 001),
(78, 'Book of Revelations', 'Reusable soul protection', 12, 013),
(79, 'The Mark', 'DMG up', 4, 047),
(80, 'The Pact', 'DMG + tears up', 4, 047),
(81, 'Dead Cat', '9 lives', 1, 479),
(82, 'Lord of the Pit', 'Demon wings', 0, 007),
(83, 'The Nail', 'Temporary demon form', 4, 007),
(84, 'We Need to go Deeper', 'Reusable level skip', 0, 067),
(85, 'Deck of Cards', 'Reusable card generator', 0, 012),
(86, 'Monstro''s Tooth', 'Summon monstro', 0, 001),
(87, 'Loki''s Horns', 'Cross tears', 0, 001),
(88, 'Little Chubby', 'Attack buddy', 0, 001),
(89, 'Spider Bite', 'Slow effect', 0, 001),
(90, 'The Small Rock', 'DMG up', 0, 0),
(91, 'Spelunker Hat', 'See-through doors', 0, 001),
(92, 'Super Bandage', '+2 hearts', 0, 015),
(93, 'The Gamekid', 'Temporary Man-Pac', 0, 001),
(94, 'Sack of Pennies', 'Gives money', 0, 016),
(95, 'Robo-baby', 'Friends till the bzzzttt', 0, 001),
(96, 'Little C.H.A.D', 'Gives kisses', 0, 001),
(97, 'The Book of Sin', 'Reusabe item generator', 12, 137),
(98, 'The Relic', 'Soul generator', 0, 018),
(99, 'Little Gish', 'Sticky friend', 0, 001),
(100, 'Little Steven', 'Psychic friend', 8, 001),
(101, 'The Halo', 'All stats up', 5, 158),
(102, 'Mom''s Bottle of Pills', 'Reusable pill generator', 3, 120),
(103, 'The Common Cold', 'Poison damage', 0, 001),
(104, 'The Parasite', 'Split shot', 0, 001),
(105, 'The D6', 'Reroll your destiny', 0, 001),
(106, 'Mr. Mega', 'Blast damage', 0, 016),
(107, 'Pinking Shears', 'Cut and run', 0, 001),
(108, 'The Wafer', 'Damage resistance', 0, 018),
(109, 'Money = Power', '$$$ = DMG', 0, 001),
(110, 'Mom''s Contacts', 'Freeze effect', 3,001),
(111, 'The Bean', 'Toot on command', 0, 010),
(112, 'Guardian Angel', 'Extra protection', 5, 008),
(113, 'Demon Baby', 'Auto-turret friend', 0, 017),
(114, 'Mom''s Knife', 'Stab stab stab', 3, 017),
(115, 'Ouija Board', 'Spectral tears', 0, 001),
(116, '9 Volt', 'Quicker charge', 0, 002),
(117, 'Dead Bird', 'Protective buddy', 0, 001),
(118, 'Brimstone', 'Blood laser barrage', 4, 007),
(119, 'Blood Bag', 'HP up', 0, 999),
(120, 'Odd Mushroom (Thin)', 'Fire rate up', 7, 016),
(121, 'Odd Mushroom (Thick)', 'DMG up', 7, 016),
(122, 'Whore of Babylon', 'Curse up', 0, 007),
(123, 'Monster Manual', 'Temporary buddy generator', 12, 001),
(124, 'Dead Sea Scrolls', 'It''s a mystery', 0, 018),
(125, 'Bobby-bomb', 'Friends till the end', 0, 010),
(126, 'Razor Blade', 'Fell my pain', 0, 007),
(127, 'Forget Me Now', 'I don''t remember...', 0, 016),
(128, 'Forever Alone', 'Attack fly', 2, 001),
(129, 'Bucket of Lard', 'HP up', 0, 001),
(130, 'A Pony', 'Flight + dash attack', 0, 999),
(131, 'Bomb Bag', 'Gives bombs', 0, 160),
(132, 'A lump of coal', 'My Xmas present', 0, 999),
(133, 'Guppy''s Paw', 'Soul converter', 1, 479),
(134, 'Guppy''s Tail', 'Cursed?', 1, 479),
(135, 'IV Bag', 'Portable blood bank', 0, 999),
(136, 'Best Friend', 'Friends till the end', 0, 001),
(137, 'Remote Detonator', 'Remote bomb detonation', 0, 012),
(138, 'Stigmata', 'DMG + HP up', 0, 001),
(139, 'Mom''s Purse', 'More trinket room', 3, 002),
(140, 'Bob''s Curse', 'Poison bombs', 6, 010),
(141, 'Pageant Boy', 'Ultimate grand supreme', 0, 005),
(142, 'Scapular', 'You have been blessed', 0, 018),
(143, 'Speed Ball', 'Speed + shot speed up', 9, 150),
(144, 'Bum Friend', 'He''s Greedy', 1, 001),
(145, 'Guppy''s Head', 'Reusable fly hive', 1, 479),
(146, 'Prayer Card', 'Reausable eternity', 0, 018),
(147, 'Notched Axe', 'Rocks didn''t stand a chance', 0, 001),
(148, 'Infestation', 'The grow inside', 2, 001),
(149, 'Ipecac', 'Explosive shots', 6, 001),
(150, 'Tough Love', 'Tooth shot', 0, 001),
(151, 'The Mulligan', 'The grow inside', 2, 001),
(152, 'Technology 2', 'Laser', 0, 001),
(153, 'Mutant Spider', 'Quad shot', 13, 001),
(154, 'Chemical Peel', 'DMG up', 0, 001),
(155, 'The Peeper', 'Plop!', 0, 001),
(156, 'Habit', 'Item martyr', 0, 028),
(157, 'Bloody Lust', 'RAGE!', 0, 001),
(158, 'Crystal Ball', 'I see my future', 0, 001),
(159, 'Spirit of the Night', 'Scary', 4, 007),
(160, 'Crack the Sky', 'Holy white death', 0, 001),
(161, 'Ankh', 'Eternal life?', 0, 001),
(162, 'Celtic Cross', 'You feel blessed', 0, 018),
(163, 'Ghost Baby', 'Spectral buddy', 0, 017),
(164, 'The Candle', 'Reusable flame', 0, 002),
(165, 'Cat-o-nine-tails', 'Shot speed up + DMG up', 0, 005),
(166, 'D20', 'Reroll the basics', 0, 001),
(167, 'Harlequin Baby', 'Double shot buddy', 8, 001),
(168, 'Epic Fetus', 'On-demand air strike', 0, 001),
(169, 'Polyphemus', 'Mega tears', 0, 001),
(170, 'Daddy Longlegs', 'Daddy''s love', 0, 001),
(171, 'Spider Butt', 'Mass enemy slowdown + damage', 13, 001),
(172, 'Sacrificial Dagger', 'My fate protects me', 0, 017),
(173, 'Mitre', 'You feel blessed', 5, 017),
(174, 'Rainbow Baby', 'Random buddy', 0, 001),
(175, 'Dad''s Key', 'Opens all doors...', 0, 010),
(176, 'Stem Cells', 'HP up', 0, 015),
(177, 'Portable Slot', 'Gamble 24/7', 0, 020),
(178, 'Holy Water', 'Splash!', 0, 018),
(179, 'Fate', 'Flight eternal', 0, 009),
(180, 'The Black Bean', 'Toot on touch', 0, 010),
(181, 'White Pony', 'Flight + holy dath', 0, 0),
(182, 'Sacred Heart', 'Homing shots + DMG up', 0, 008),
(183, 'Toothpicks', 'Tears + shot speed up', 0, 005),
(184, 'Holy Grail', 'Flight + HP up', 5, 008),
(185, 'Dead Dove', 'Flight + spectral tears', 5, 008),
(186, 'Blood Rights', 'Mass enemy damage at a cost', 0, 001),
(187, 'Guppy''s Hairball', 'Swing it!', 1, 007),
(188, 'Abel', 'Mirrored buddy', 0, 019),
(189, 'SMB Super Fan', 'All stats up', 0, 001),
(190, 'Pyro', '99 bombs', 0, 160),
(191, '3 Dollar Bill', 'Rainbow tears', 0, 001),
(192, 'Telepathy For Dummies', 'Temporary psychic shot', 12, 013),
(193, 'Meat!', 'DMG + HP up', 0, 005),
(194, 'Magic Ball 8', 'Shot speed up', 0, 005),
(195, 'Mom''s Coin Purse', 'What''s all this...?', 3, 250),
(196, 'Squeezy', 'Tears up', 0, 005),
(197, 'Jesus Juice', 'Damage + range up', 0, 005),
(198, 'Box', 'Stuff', 0, 005),
(199, 'Mom''s Key', 'Less is more now +2 keys', 3, 020),
(200, 'Mom''s Eyeshadow', 'Charm tears', 3, 001),
(201, 'Iron Bar', 'Concussive tears', 0, 001),
(202, 'Midas Touch', 'Golden Touch', 0, 001),
(203, 'Humbleing Bundle', '1+1 free 4evar!', 0, 002),
(204, 'Fanny Pack', 'Filled with goodies', 0, 020),
(205, 'Sharp Plug', 'Charge with blood', 0, 002),
(206, 'The Guillotine', 'An out-of-body experience', 0, 001),
(207, 'Ball of Bandages', 'Gotta lick em all', 0, 999),
(208, 'Champion Belt', 'DMG + challenge up', 0, 002),
(209, 'Butt Bombs', 'Toxic blast +5 bombs', 0, 010),
(210, 'Gnawed Leaf', 'Unbreakable', 0, 001),
(211, 'Spiderbaby', 'Spider revenge', 0, 001),
(212, 'Guppy''s Collar', 'Eternal life?', 1, 479),
(213, 'Lost Contact', 'Shielded tears', 0, 016),
(214, 'Anemic', 'Toxic blood', 0, 001),
(215, 'Goat Head', 'He accepts your offering', 0, 479),
(216, 'Ceremonial Robes', 'Sin up', 0, 470),
(217, 'Mom''s Wig', 'You feel itchy', 3, 010),
(218, 'Placenta', 'HP up + regen', 0, 005),
(219, 'Old Bandage', 'HP up', 0, 005),
(220, 'Sad Bombs', 'Tear blast +5 bombs', 0, 010),
(221, 'Rubber Cement', 'Bouncing tears', 0, 001),
(222, 'Anti-gravity', 'Antigravity tears + tears up', 0, 001),
(223, 'Pyromaniac', 'Hurts so good +5 bombs', 0, 001),
(224, 'Cricket''s Body', 'Splash damage + tears up', 0, 001),
(225, 'Gimpy', 'Sweet suffering', 0, 147),
(226, 'Black Lotus', 'HP up x3', 0, 006),
(227, 'Piggy Bank', 'My life savings', 0, 012),
(228, 'Mom''s Perfume', 'Fear shot', 3, 001),
(229, 'Monstro''s Lung', 'Charged attack', 0, 001),
(230, 'Abaddon', 'Evil up + DMG up + fear shot', 4, 007),
(231, 'Ball of Tar', 'Sticky feet...', 0, 001),
(232, 'Stop Watch', 'Let''s slow this down a bit', 0, 002),
(233, 'Tiny Planet', 'Orbiting tears + range up', 0, 001),
(234, 'Infestation 2', 'Infestation shot', 0, 001),
(236, 'E.Coli', 'Turdy Touch', 10, 001),
(237, 'Death''s Touch', 'Penetrative shots + DMG up', 0, 017),
(238, 'Key Piece #1', '???', 0, 999),
(239, 'Key Piece #2', '???', 0, 999),
(240, 'Experimental Treatment', 'All stats up!... and then shuffled', 9, 150),
(241, 'Contract From Below', 'Wealth, but at what cost?', 0, 070),
(242, 'Infamy', 'Damage reduction', 0, 169),
(243, 'Trinity Shield', 'You feel guarded', 0, 008),
(244, 'Tech.5', 'It''s still being tested', 0, 001),
(245, '20/20', 'Double shot', 0, 001),
(246, 'Blue Map', 'Secrets', 0, 020),
(247, 'BFFS!', 'Tour friends rule!', 0, 020),
(248, 'Hive Mind', 'Giant spiders and flies', 2, 002),
(249, 'There''s Otions', 'More options', 0, 002),
(250, 'Bogo Bombs', '1+1 bombs', 0, 020),
(251, 'Starter Deck', 'Extra card room', 0, 002),
(252, 'Little Baggy', 'Extra pill room', 0, 002),
(253, 'Magic Scab', 'HP + luck up', 0, 005),
(254, 'Blood Clot', 'DMG + range up', 0, 005),
(255, 'Screw', 'Tears + shot speed up', 0, 005),
(256, 'Hot Bombs', 'Burning blast +5 bombs', 0, 010),
(257, 'Fire Mind', 'Flamming tears', 0, 001),
(258, 'Missing No.', 'Syntax error', 0, 006),
(259, 'Dark Matter', 'Fear shot', 0, 007),
(260, 'Black Candle', 'Curse of immunity + evil up', 0, 024),
(261, 'Proptosis', 'Short range mega tears', 0, 001), 
(262, 'Missing Page 2', 'Evil up + your ennemies will pay', 0, 670),
(264, 'Smart Fly', 'Revenge fly', 2, 010),
(265, 'Fry Baby', 'Immortal friend', 0, 001),
(266, 'Juicy Sack', 'Sticky babies', 0, 001),
(267, 'Robo-baby 2.0', 'We worked out all the kinks', 0, 001),
(268, 'Rotten Baby', 'Infested friend', 8, 017),
(269, 'Headless Baby', 'Bloody friend', 8, 017),
(270, 'Leech', 'Blood sucker', 0, 001),
(271, 'Mystery Sack', '?', 0, 160),
(272, 'BBF', 'Big beautiful fly', 2, 001),
(273, 'Bob''s Brain', 'Explosive thoughts', 6, 019),
(274, 'Best Bud', 'Sworn protector', 2, 010),
(275, 'Lil Brimstone', 'Evil friend', 0, 017),
(276, 'Isaac''s Heart', 'Protect it', 0, 001),
(277, 'Lil Haunt', 'Fear him', 0, 001),
(278, 'Dark Bum', 'He wants to take your life', 11, 017),
(279, 'Big Fan', 'Fat protector', 2, 001),
(280, 'Sissy Long Legs', 'She loves you', 0, 001),
(281, 'Punching Bag', 'Scape goat', 0, 001),
(282, 'How to Jump', 'It''s time you learned how', 12, 013),
(283, 'D100', 'REEROLLLLL!', 0, 001),
(284, 'D4', 'Reroll into something else', 0, 001),
(285, 'D10', 'Rerolls enemies', 0, 001),
(286, 'Blank Card', 'Card mimic', 0, 126),
(287, 'Book of Secrets', '??????', 12, 136),
(288, 'Box of Spiders', 'It''s a box of spiders', 13, 001),
(289, 'Red Candle', 'Flame on', 0, 002),
(290, 'The Jar', 'Save you life', 0, 002),
(291, 'Flush!', '...', 10, 001),
(292, 'The Satanic Bible', 'Reusable evil', 0, 137),
(293, 'Head of Krampus', 'Krampus rage', 0, 999),
(294, 'Butter Bean', 'Reusable knockback', 0, 010),
(295, 'Magic Fingers', 'Pay to play', 0, 012),
(296, 'Converter', 'Convert your soul', 0, 002),
(297, 'Pandora''s Box', '? ?', 0, 029),
(298, 'Unicorn Stump', 'You feel stumped', 0, 001),
(299, 'Taurus', 'Speed down + rage is building', 0, 001),
(300, 'Aries', 'Ramming speed', 0, 001),
(301, 'Cancer', 'HP up + you feel protected', 0, 001),
(302, 'Leo', 'Stompy', 0, 001),
(303, 'Virgo', 'You feel refreshed and protected', 0, 001),
(304, 'Libra', 'You feel balanced', 0, 001),
(305, 'Scorpio', 'Poison tears', 0, 001),
(306, 'Sagittarius', 'Penetrative shot + speed up', 0, 001),
(307, 'Capricorn', 'All stats up', 0, 001),
(308, 'Aquarius', 'A trail of tears', 0, 001),
(309, 'Pisces', 'Tears up + knockback shot', 0, 001),
(310, 'Eve''s Mascara', 'Shot speed down + DMG up', 0, 001),
(311, 'Juda''s Shadow', 'Sweet revenge', 0, 017),
(312, 'Maggy''s Bow', 'HP up + you feel healthy', 0, 001),
(313, 'Holy Mantle', 'Holy shield', 5, 018),
(314, 'Thunder Thighs', 'HP + speed down + you feel strong', 0, 001),
(315, 'Strange Attractor', 'Magnetic tears', 0, 001),
(316, 'Cursed Eye', 'Cursed charged shot', 0, 016),
(317, 'Mysterious Liquid', 'Toxic splash damage', 0, 001),
(318, 'Gemini', 'Conjoined friend', 0, 001),
(319, 'Cain''s Other Eye', 'Near sighted friend', 0, 001),
(320, '???''s Only Friend', 'Controlled friend', 2, 001),
(321, 'Samson''s Chains', 'The ol'' ball and chain', 0, 016),
(322, 'Mongo Baby', 'Mongo friend', 8, 001),
(323, 'Isaac''s tears', 'Collected tears', 0, 001),
(324, 'Undefined', 'Undefined', 0, 001),
(325, 'Scissors', 'Lose you head', 0, 001),
(326, 'Breath of Life', 'Invincibility at a cost', 0, 008),
(327, 'The Polaroid', 'Fate choosen', 0, 999),
(328, 'The Negative', 'Fate choosen', 0, 999),
(329, 'The Ludovico Technique', 'Controlled tears', 0, 001),
(330, 'Soy Milk', 'DMG down + tears way up', 0, 001),
(331, 'Godhead', 'God tears', 0, 008),
(332, 'Lazaru''s Rags', 'Eternal life?', 0, 018),
(333, 'The Mind', 'I know all', 0, 018),
(334, 'The Body', 'I feel all', 0, 018),
(335, 'The Soul', 'I am all', 0, 018),
(336, 'Dead Onion', 'Toxic aura tears', 0, 001),
(337, 'Broken Watch', 'I think its broken', 0, 002),
(338, 'Boomerang', 'It will never leave you', 0, 002),
(339, 'Safety Pin', 'Evil up + range + shot speed', 0, 005),
(340, 'Caffeine Pill', 'Speed up + size down', 0, 005),
(341, 'Torn Photo', 'Tears + shot speed up', 0, 005),
(342, 'Blue Cap', 'HP + tears + shot speed down', 7, 005),
(343, 'Latch Key', 'Luck up', 0, 005),
(344, 'Match Book', 'Evil up', 0, 005),
(345, 'Synthoil', 'DMG up + range', 0, 005),
(346, 'A Snack', 'HP up', 0, 005);

INSERT INTO trinket VALUES
(1, 'Swallowed Penny', 'Gulp!'),
(2, 'Petrified Poop', 'It feels lucky?'),
(3, 'AAA Battery', 'Trickle charge'),
(4, 'Broken Remote', 'It''s broken'),
(5, 'Purple Heart', 'Challenge up'),
(6, 'Broken Magnet', 'It kinda works'),
(7, 'Rosary Bead', 'Faith up'),
(8, 'Cartridge', 'I remember these'),
(9, 'Pulse Worm', 'Wub wub!'),
(10, 'Wiggle Worm', 'Wiggle wiggle!'),
(11, 'Ring Worm', 'Woop woop!'),
(12, 'Flat Worm', 'Blub blub:'),
(13, 'Store Credit', 'YES!'),
(14, 'Callus', 'Your feet feel stronger'),
(15, 'Lucky Rock', 'There''s something inside'),
(16, 'Mom''s Toenail', '???'),
(17, 'Black Lipstick', 'Evil up'),
(18, 'Bible Tract', 'Faith up'),
(19, 'Paper Clip', 'Master of lockpicking'),
(20, 'Monkey''s Paw', 'Wish granted'),
(21, 'Mysterious Paper', '???'),
(22, 'Daemon''s Tail', 'Evil up'),
(23, 'Missing Poster', '???'),
(24, 'Butt Penny', 'Wealth of gas'),
(25, 'Mysterious Candy', 'Uh-oh!'),
(26, 'Hook Worm', 'Zip zoop!'),
(27, 'Whip Worm', 'Wooosh!'),
(28, 'Broken Ankh', 'Eternal life?'),
(29, 'Fish Head', 'It stinks'),
(30, 'Pinky Eye', 'Poison shots'),
(31, 'Push Pin', 'Piercing shots'),
(32, 'Liberty Cap', 'Touch fuzzy, get dizzy!'),
(33, 'Umbilical Cord', 'Fetal protection'),
(34, 'Child''s Heart', 'It calls out to brothers'),
(35, 'Curved Horn', 'DMG up'),
(36, 'Rusted Key', 'It feels lucky?'),
(37, 'Goat Hoof', 'Speed up'),
(38, 'Mom''s Pearl', 'It emanates purity'),
(39, 'Cancer', 'Yay, cancer!'),
(40, 'Red Patch', 'Your rage grows'),
(41, 'Match Stick', 'Tastes like burning'),
(42, 'Lucky Toe', 'Luck up!'),
(43, 'Cursed Skull', 'Cursed?'),
(44, 'Safety Cap', 'Don''t swallow it'),
(45, 'Ace of Spades', 'Luck of the draw'),
(46, 'Isaac''s Fork', 'Consume thy enemy'),
(48, 'A Missing Page', 'It glows with power'),
(49, 'Bloody Penny', 'Wealth of health'),
(50, 'Burnt Penny', 'Wealth of chaos'),
(51, 'Flat Penny', 'Wealth of answers'),
(52, 'Counterdeit Penny', 'Wealth of wealth'),
(53, 'Tick', 'Well, that''s not coming off'),
(54, 'Isaac''s Head', 'Dead friend'),
(55, 'Maggy''s Faith', 'Faith''s reward'),
(56, 'Juda''s Tongue', 'Payment received'),
(57, '???''s Soul', 'Imaginary friend'),
(58, 'Samson''s Lock', 'Your rage grows'),
(59, 'Cain''s Eye', 'May you see you destination'),
(60, 'Eve''s Bird Foot', 'Revenge from beyond'),
(61, 'The Left Hand', 'The left path reaps dark rewards');

INSERT INTO type VALUES

('Tear Modifier', 2, null),
('Tear Modifier', 5, null),
('Tear Modifier', 52, null),
('Tear Modifier', 55, null),
('Tear Modifier', 68, null),
('Tear Modifier', 69, null),
('Tear Modifier', 87, null),
('Tear Modifier', 114, null),
('Tear Modifier', 118, null),
('Tear Modifier', 149, null),
('Tear Modifier', 150, null),
('Tear Modifier', 152, null),
('Tear Modifier', 153, null),
('Tear Modifier', 168, null),
('Tear Modifier', 182, null),
('Tear Modifier', 191, null),
('Tear Modifier', 222, null),
('Tear Modifier', 229, null),
('Tear Modifier', 233, null),
('Tear Modifier', 237, null),
('Tear Modifier', 244, null),
('Tear Modifier', 245, null),
('Tear Modifier', 261, null),
('Tear Modifier', 316, null),
('Tear Modifier', 329, null),
('Tear Modifier', 330, null),
('Tear Modifier', 331, null),
('Familiar', 8, null),
('Familiar', 67, null),
('Familiar', 73, null),
('Familiar', 88, null),
('Familiar', 94, null),
('Familiar', 95, null),
('Familiar', 96, null),
('Familiar', 98, null),
('Familiar', 99, null),
('Familiar', 100, null),
('Familiar', 113, null),
('Familiar', 117, null),
('Familiar', 131, null),
('Familiar', 144, null),
('Familiar', 155, null),
('Familiar', 163, null),
('Familiar', 167, null),
('Familiar', 170, null),
('Familiar', 174, null),
('Familiar', 178, null),
('Familiar', 187, null),
('Familiar', 188, null),
('Familiar', 238, null),
('Familiar', 239, null),
('Familiar', 264, null),
('Familiar', 265, null),
('Familiar', 266, null),
('Familiar', 267, null),
('Familiar', 268, null),
('Familiar', 269, null),
('Familiar', 270, null),
('Familiar', 271, null),
('Familiar', 272, null),
('Familiar', 273, null),
('Familiar', 275, null),
('Familiar', 276, null),
('Familiar', 277, null),
('Familiar', 278, null),
('Familiar', 280, null),
('Familiar', 281, null),
('Familiar', 318, null),
('Familiar', 319, null),
('Familiar', 320, null),
('Familiar', 321, null),
('Familiar', 322, null),
('Familiar', null, 54),
('Familiar', null, 57),
('Orbital', 10, null),
('Orbital', 57, null),
('Orbital', 73, null),
('Orbital', 112, null),
('Orbital', 128, null),
('Orbital', 172, null),
('Orbital', 207, null),
('Orbital', 264, null),
('Orbital', 274, null),
('Orbital', 279, null),
('Card', null, null),
('Rune', null, null),
('Pill', null, null);

INSERT INTO consommable VALUES

('O-The Fool', 'Where your journey begins', null, 'Card'),
('I-The Magician', 'May you never miss your goal', null, 'Card'),
('II-The High Priestress', 'Mother is watching you', null, 'Card'),
('III-The Empress', 'May your rage bring power', null, 'Card'),
('IV-The Emperor', 'Challenge me!', null, 'Card'),
('V-The Hierophant', 'Two prayers for the lost', null, 'Card'),
('VI-The Lovers', 'May you prosper and be in good health', null, 'Card'),
('VII-The Chariot', 'May nothing stand before you', null, 'Card'),
('VIII-Justice', 'May your future become balanced', null, 'Card'),
('IX-The Hermit', 'May you see what life has to offer', null, 'Card'),
('X-Wheel of Fortune', 'Spin the wheel of destiny', null, 'Card'),
('XI-Strength', 'May your power bring rage', null, 'Card'),
('XII-The Hanged Man', 'May you find enlightenment', null, 'Card'),
('XIII-Death', 'Lay waste to all oppose you', null, 'Card'),
('XIV-Temperance', 'May you be pure in heart', null, 'Card'),
('XV-The Devil', 'Revel in the power of your darkness', null, 'Card'),
('XVI-The Tower', 'Destruction brings creation', null, 'Card'),
('XVII-The Stars', 'May you find what you desire', null, 'Card'),
('XVIII-The Moon', 'May you find all you have lost', null, 'Card'),
('XIX-The Sun', 'May the light heal and elighten you', null, 'Card'),
('XX-Judgement', 'Judge lest ye be judged', null, 'Card'),
('XXI-The World', 'Open your eyes and see', null, 'Card'),
('2 of Spades', 'Item multiplier', null, 'Card'),
('2 of Clubs', 'Item multiplier', null, 'Card'),
('2 of Hearts', 'Item multiplier', null, 'Card'),
('2 of Diamonds', 'Item multiplier', null, 'Card'),
('The Joker', '???', null, 'Card'),
('Chaos Card', '???', null, 'Card'),
('Credit Card', 'Charge it!', null, 'Card'),
('Rules Card', '???', null, 'Card'),
('Card Against Humanity', 'Somethingstinks...', null, 'Card'),
('Suicide King', 'A true ending?', null, 'Card'),
('Algiz', 'Resistance', null, 'Rune'),
('Ansuz', 'Vision', null, 'Rune'),
('Berkano', 'Companionship', null, 'Rune'),
('Dagaz', 'Purity', null, 'Rune'),
('Ehwaz', 'Passage', null, 'Rune'),
('Hagalaz', 'Destruction', null,'Rune'),
('Jera', 'Abundance', null, 'Rune'),
('Perthro', 'Change', null, 'Rune'),
('48 Hour Energy', '???', null, 'Pill'),
('Amnesia', '???', null, 'Pill'),
('Bad Gas', '???', null, 'Pill'),
('Bad Trip', '???', null, 'Pill'),
('Balls of Steel', '???', null, 'Pill'),
('Bombs Are Key', '???', null, 'Pill'),
('Explosive Diarrhea', '???', null, 'Pill'),
('Full Health', '???', null, 'Pill'),
('Health Down', 'HP down', null, 'Pill'),
('Health Up', 'HP up', null, 'Pill'),
('Hematemesis', '???', null, 'Pill'),
('I Can See Forever', '???', null, 'Pill'),
('I Found Pills', '???', null, 'Pill'),
('Lemon Party', '???', null, 'Pill'),
('Luck Down', 'Luck down', null, 'Pill'),
('Luck Up', 'Luck up', null, 'Pill'),
('Paralysis', '???', null, 'Pill'),
('Pheromones', '???', null, 'Pill'),
('Puberty', '???', 14, 'Pill'),
('Pretty Fly', '???', null, 'Pill'),
('Range Down', 'Range down', null, 'Pill'),
('Range Up', 'Range up', null, 'Pill'),
('R U a wizard', '???', null, 'Pill'),
('Speed Down', 'Speed down', null, 'Pill'),
('Speed Up', 'Speed up', null, 'Pill'),
('Tears Down', 'Tears down', null, 'Pill'),
('Tears Up', 'Tears up', null, 'Pill'),
('Telepills', '???', null, 'Pill');